,index,Date,Temperature,Weather Condition
0,205,2/12/2016,20.53,Mostly Cloudy
1,62,2/17/2016,32.76,Overcast
2,147,3/3/2016,34.11,Partly Cloudy
3,78,4/4/2016,50.96,Light Rain
4,203,4/8/2016,39.39,Overcast
5,201,4/10/2016,32.63,Overcast
6,202,4/12/2016,47.32,Clear
7,204,4/13/2016,48.68,Clear
8,72,4/24/2016,61.07,Clear
9,192,4/28/2016,55.72,Light Rain
10,20,7/2/2016,71.12,Clear
11,48,7/7/2016,75.49,Overcast
12,57,7/9/2016,81.09,Mostly Cloudy
13,53,7/11/2016,82.07,Clear
14,21,7/14/2016,84.1,Partly Cloudy
15,56,7/16/2016,78.5,Partly Cloudy
16,80,7/18/2016,78.84,Mostly Cloudy
17,64,7/20/2016,78.56,Clear
18,65,7/22/2016,76.98,Overcast
19,19,7/25/2016,89.61,Humid and Mostly Cloudy
20,58,7/26/2016,83.7,Clear
21,61,7/29/2016,77.43,Overcast
22,43,8/1/2016,82.15,Mostly Cloudy
23,18,8/2/2016,82.64,Partly Cloudy
24,1,8/3/2016,82.5,Partly Cloudy
25,30,8/4/2016,80.46,Mostly Cloudy
26,2,8/5/2016,82.72,Mostly Cloudy
27,3,8/6/2016,80.12,Overcast
28,7,8/7/2016,80.16,Clear
29,39,8/8/2016,76.72,Clear
30,37,8/9/2016,84.44,Mostly Cloudy
31,38,8/10/2016,86.24,Humid
32,6,8/11/2016,86.65,Humid and Mostly Cloudy
33,12,8/12/2016,85.38,Humid and Mostly Cloudy
34,8,8/13/2016,86.77,Humid and Mostly Cloudy
35,29,8/14/2016,82.09,Humid and Overcast
36,4,8/15/2016,77.94,Drizzle
37,5,8/16/2016,84.5,Humid and Partly Cloudy
38,24,8/17/2016,77,Overcast
39,32,8/18/2016,79.68,Mostly Cloudy
40,42,8/19/2016,81.56,Mostly Cloudy
41,27,8/20/2016,81.36,Humid and Mostly Cloudy
42,10,8/21/2016,75.8,Mostly Cloudy
43,9,8/22/2016,72.73,Mostly Cloudy
44,44,8/23/2016,78.45,Partly Cloudy
45,0,8/24/2016,80.46,Clear
46,45,8/25/2016,81.85,Humid and Overcast
47,34,8/26/2016,83.57,Humid and Mostly Cloudy
48,11,8/27/2016,85.19,Clear
49,26,8/28/2016,86.8,Humid
50,14,8/29/2016,75.44,Overcast
51,15,8/30/2016,80.93,Clear
52,17,8/31/2016,78.68,Mostly Cloudy
53,22,9/1/2016,73.89,Partly Cloudy
54,52,9/2/2016,72.77,Clear
55,40,9/3/2016,74.71,Clear
56,59,9/4/2016,78.41,Clear
57,41,9/5/2016,79.73,Clear
58,33,9/6/2016,82.89,Clear
59,28,9/7/2016,84.41,Humid and Mostly Cloudy
60,54,9/8/2016,85.01,Humid and Partly Cloudy
61,25,9/9/2016,78.28,Overcast
62,51,9/10/2016,85.46,Clear
63,60,9/11/2016,70.31,Mostly Cloudy
64,50,9/12/2016,76.46,Clear
65,13,9/13/2016,80.22,Clear
66,16,9/14/2016,80.63,Clear
67,46,9/15/2016,72.94,Clear
68,47,9/16/2016,77.48,Mostly Cloudy
69,55,9/17/2016,75.79,Mostly Cloudy
70,35,9/18/2016,71.46,Overcast
71,36,9/19/2016,71.83,Overcast
72,49,9/20/2016,79.34,Clear
73,23,9/21/2016,80.22,Clear
74,66,9/22/2016,80.67,Clear
75,31,9/23/2016,82.46,Clear
76,67,9/24/2016,69.45,Overcast
77,69,9/25/2016,69.25,Clear
78,68,9/26/2016,78.95,Clear
79,70,9/27/2016,67.75,Clear
80,71,9/28/2016,71.23,Clear
81,76,9/29/2016,65.94,Overcast
82,75,9/30/2016,65.4,Overcast
83,73,10/1/2016,70.24,Overcast
84,74,10/2/2016,63.66,Overcast
85,77,10/3/2016,64.74,Partly Cloudy
86,79,10/4/2016,69.66,Clear
87,82,10/5/2016,68.89,Clear
88,81,10/6/2016,70.11,Clear
89,85,10/7/2016,72.5,Clear
90,84,10/8/2016,62.95,Overcast
91,83,10/9/2016,56.61,Mostly Cloudy
92,87,10/10/2016,54.19,Clear
93,86,10/11/2016,62.84,Clear
94,88,10/12/2016,68.26,Clear
95,89,10/13/2016,56.64,Drizzle
96,91,10/14/2016,54.47,Clear
97,90,10/15/2016,67.86,Clear
98,99,10/16/2016,72.49,Clear
99,92,10/17/2016,71.93,Mostly Cloudy
100,93,10/18/2016,77.32,Clear
101,94,10/19/2016,73.18,Mostly Cloudy
102,104,10/20/2016,77.93,Clear
103,100,10/21/2016,55.37,Light Rain
104,98,10/22/2016,45.37,Overcast
105,95,10/23/2016,57.64,Clear
106,97,10/24/2016,56.66,Overcast
107,96,10/25/2016,51.25,Mostly Cloudy
108,102,10/26/2016,49.95,Clear
109,103,10/27/2016,61.62,Drizzle
110,101,10/28/2016,49.11,Overcast
111,105,10/29/2016,69.09,Clear
112,106,10/30/2016,72.15,Clear
113,108,10/31/2016,51.35,Clear
114,107,11/1/2016,68.66,Mostly Cloudy
115,109,11/2/2016,74.12,Clear
116,110,11/3/2016,63.69,Overcast
117,112,11/4/2016,53.96,Clear
118,114,11/5/2016,54.61,Clear
119,111,11/6/2016,59.47,Clear
120,115,11/7/2016,64.26,Clear
121,113,11/8/2016,64.64,Clear
122,117,11/9/2016,50.35,Overcast
123,116,11/10/2016,54.08,Clear
124,119,11/11/2016,56.25,Mostly Cloudy
125,118,11/12/2016,43.84,Clear
126,121,11/13/2016,50.91,Clear
127,120,11/14/2016,54.77,Clear
128,122,11/15/2016,55.6,Clear
129,124,11/16/2016,55.56,Overcast
130,123,11/17/2016,55.21,Clear
131,125,11/18/2016,69.91,Clear
132,128,11/19/2016,38.06,Rain
133,126,11/20/2016,32.82,Overcast
134,135,11/21/2016,32.55,Overcast
135,136,11/22/2016,36.35,Mostly Cloudy
136,129,11/23/2016,44.73,Clear
137,142,11/24/2016,51.46,Overcast
138,137,11/25/2016,45.68,Overcast
139,138,11/26/2016,40.13,Overcast
140,127,11/27/2016,43.34,Overcast
141,134,11/28/2016,47.26,Mostly Cloudy
142,131,11/29/2016,59.9,Overcast
143,130,11/30/2016,56.75,Drizzle
144,132,12/1/2016,40.48,Overcast
145,133,12/2/2016,37.81,Overcast
146,143,12/3/2016,37.38,Overcast
147,139,12/4/2016,39.75,Clear
148,141,12/5/2016,42.1,Overcast
149,140,12/6/2016,40.45,Light Rain
150,144,12/7/2016,39.67,Clear
151,146,12/8/2016,33.92,Overcast
152,145,12/9/2016,26.08,Overcast
153,151,12/10/2016,26.96,Overcast
154,150,12/11/2016,30.6,Overcast
155,149,12/12/2016,41.44,Overcast
156,148,12/13/2016,32.61,Foggy
157,153,12/14/2016,27.16,Clear
158,152,12/15/2016,13.29,Overcast
159,154,12/16/2016,14.61,Overcast
160,156,12/17/2016,35.57,Overcast
161,169,12/18/2016,31.55,Overcast
162,155,12/19/2016,26.87,Mostly Cloudy
163,157,12/20/2016,31.97,Clear
164,158,12/21/2016,36.54,Clear
165,160,12/22/2016,38.42,Overcast
166,162,12/23/2016,37.99,Clear
167,170,12/24/2016,46.91,Overcast
168,177,12/25/2016,40.23,Overcast
169,165,12/26/2016,57.92,Overcast
170,164,12/27/2016,47.49,Clear
171,159,12/28/2016,38.73,Partly Cloudy
172,161,12/29/2016,40.94,Overcast
173,175,12/30/2016,32.17,Overcast
174,166,12/31/2016,42.29,Overcast
175,168,1/1/2017,42.08,Clear
176,163,1/2/2017,47.69,Foggy
177,171,1/3/2017,46.65,Rain
178,172,1/4/2017,38.26,Mostly Cloudy
179,174,1/5/2017,23.8,Overcast
180,173,1/6/2017,16.87,Partly Cloudy
181,176,1/7/2017,16.01,Overcast
182,184,1/8/2017,15.97,Mostly Cloudy
183,178,1/9/2017,21.75,Overcast
184,179,1/10/2017,38.78,Overcast
185,180,1/11/2017,53.48,Clear
186,181,1/12/2017,65.85,Overcast
187,182,1/13/2017,35.99,Mostly Cloudy
188,183,1/14/2017,35,Overcast
189,187,1/15/2017,34.62,Clear
190,188,1/16/2017,36.74,Overcast
191,185,1/17/2017,58.26,Overcast
192,186,1/18/2017,42.19,Overcast
193,189,1/19/2017,40.95,Overcast
194,190,1/20/2017,51.77,Overcast
195,191,1/21/2017,63.13,Clear
196,195,1/22/2017,57.67,Overcast
197,193,1/23/2017,44.66,Light Rain
198,194,1/24/2017,40.57,Overcast
199,196,1/25/2017,49.03,Clear
200,199,1/26/2017,38.11,Overcast
201,200,1/27/2017,32.84,Overcast
202,197,1/28/2017,32.27,Overcast
203,206,1/29/2017,32.06,Overcast
204,207,1/30/2017,27.85,Overcast
205,208,1/31/2017,40.02,Overcast
206,209,2/1/2017,36.83,Light Snow
207,210,2/2/2017,34.51,Overcast
208,212,2/3/2017,26.69,Partly Cloudy
209,211,2/4/2017,28.3,Clear
210,215,2/5/2017,39.94,Overcast
211,216,2/6/2017,48.49,Clear
212,213,2/7/2017,58.73,Drizzle
213,214,2/8/2017,46.25,Overcast
214,218,2/9/2017,25.8,Foggy
215,217,2/10/2017,24.46,Overcast
216,220,2/11/2017,53.51,Clear
217,219,2/12/2017,59.99,Drizzle
218,221,2/13/2017,36.1,Overcast
219,222,2/14/2017,44.03,Clear
220,223,2/15/2017,35.74,Overcast
221,224,2/16/2017,28.02,Overcast
222,225,2/17/2017,47.47,Clear
223,226,2/18/2017,62.59,Clear
224,227,2/19/2017,56,Mostly Cloudy
225,228,2/20/2017,55.29,Clear
226,229,2/21/2017,64.11,Clear
227,230,2/22/2017,63.59,Overcast
228,231,2/23/2017,67.31,Mostly Cloudy
229,232,2/24/2017,74.17,Clear
230,233,2/25/2017,48.1,Overcast
231,234,2/26/2017,33.36,Overcast
232,238,2/27/2017,46.13,Overcast
233,236,2/28/2017,55.72,Overcast
234,237,3/1/2017,54.83,Rain
235,235,3/2/2017,37.09,Overcast
236,241,3/3/2017,30.95,Overcast
237,239,3/4/2017,31.67,Clear
238,243,3/5/2017,39.71,Clear
239,240,3/6/2017,55.15,Overcast
240,242,3/7/2017,58.42,Drizzle
241,245,3/8/2017,54.17,Clear
242,244,3/9/2017,55.34,Clear
243,249,3/10/2017,33.32,Light Snow
244,246,3/11/2017,23.8,Mostly Cloudy
245,247,3/12/2017,27.65,Overcast
246,248,3/13/2017,35.38,Clear
247,250,3/14/2017,25.53,Overcast
248,251,3/15/2017,21.93,Overcast
249,253,3/16/2017,29.51,Overcast
250,252,3/17/2017,41.8,Clear
251,255,3/18/2017,42.63,Overcast
252,254,3/19/2017,40.43,Overcast
253,256,3/20/2017,46.16,Partly Cloudy
254,257,3/21/2017,51.21,Mostly Cloudy
255,258,3/22/2017,33.99,Clear
256,259,3/23/2017,39.72,Clear
257,260,3/24/2017,62.91,Partly Cloudy
258,261,3/25/2017,70.68,Mostly Cloudy
259,263,3/26/2017,65.74,Partly Cloudy
260,262,3/27/2017,64.13,Overcast
261,264,3/28/2017,59.97,Overcast
262,265,3/29/2017,52.78,Mostly Cloudy
263,266,3/30/2017,52.43,Overcast
264,267,3/31/2017,53.56,Light Rain
265,268,4/1/2017,41.93,Overcast
266,269,4/2/2017,50.19,Clear
267,270,4/3/2017,70.23,Mostly Cloudy
268,271,4/4/2017,62.66,Overcast
269,272,4/5/2017,57.92,Clear
270,273,4/6/2017,53.47,Light Rain
271,274,4/7/2017,35.86,Light Snow
272,275,4/8/2017,50.87,Clear
273,276,4/9/2017,64.45,Clear
274,277,4/10/2017,75.44,Clear
275,278,4/11/2017,70.69,Overcast
276,279,4/12/2017,58.5,Clear
277,281,4/13/2017,59.54,Clear
278,280,4/14/2017,66.17,Overcast
279,283,4/15/2017,74.62,Clear
280,282,4/16/2017,75.08,Mostly Cloudy
281,284,4/17/2017,64.9,Clear
282,285,4/18/2017,68.37,Clear
283,286,4/19/2017,67.82,Overcast
284,287,4/20/2017,75.12,Clear
285,288,4/21/2017,63.92,Mostly Cloudy
286,293,4/22/2017,50.78,Mostly Cloudy
287,290,4/23/2017,60.12,Clear
288,292,4/24/2017,60.37,Overcast
289,291,4/25/2017,59.65,Mostly Cloudy
290,294,4/26/2017,69.4,Clear
291,295,4/27/2017,79.17,Clear
292,297,4/28/2017,67.62,Clear
293,296,4/29/2017,71.15,Mostly Cloudy
294,298,4/30/2017,82.87,Clear
295,300,5/1/2017,75.72,Mostly Cloudy
296,299,5/2/2017,56.44,Overcast
297,301,5/3/2017,52.1,Overcast
298,302,5/4/2017,62.46,Partly Cloudy
299,303,5/5/2017,68.49,Overcast
300,304,5/6/2017,46.63,Drizzle
301,306,5/7/2017,53.81,Mostly Cloudy
302,305,5/8/2017,53.09,Partly Cloudy
303,307,5/9/2017,59.5,Clear
304,308,5/10/2017,66.48,Clear
305,309,5/11/2017,57.32,Light Rain
306,311,5/12/2017,56.7,Overcast
307,310,5/13/2017,56.07,Overcast
308,314,5/14/2017,65.45,Partly Cloudy
309,312,5/15/2017,61.86,Clear
310,313,5/16/2017,75.32,Clear
311,315,5/17/2017,83.78,Clear
312,316,5/18/2017,83.07,Clear
313,319,5/19/2017,79.62,Mostly Cloudy
314,317,5/20/2017,65.87,Overcast
315,318,5/21/2017,77.14,Overcast
316,321,5/22/2017,65.71,Mostly Cloudy
317,320,5/23/2017,68.06,Clear
318,323,5/24/2017,64.8,Drizzle
319,322,5/25/2017,61.54,Drizzle
320,325,5/26/2017,62.56,Overcast
321,324,5/27/2017,64.08,Overcast
322,326,5/28/2017,72.49,Overcast
323,328,5/29/2017,74.24,Mostly Cloudy
324,327,5/30/2017,76.12,Mostly Cloudy
325,329,5/31/2017,73.8,Clear
326,330,6/1/2017,70.54,Clear
327,333,6/2/2017,73.61,Clear
328,332,6/3/2017,76.47,Clear
329,336,6/4/2017,80.19,Clear
330,334,6/5/2017,69.02,Partly Cloudy
331,335,6/6/2017,63.47,Overcast
332,338,6/7/2017,59.39,Overcast
333,337,6/8/2017,67.45,Mostly Cloudy
334,339,6/9/2017,73.23,Clear
335,340,6/10/2017,76.81,Clear
336,341,6/11/2017,82.25,Clear
337,342,6/12/2017,85.27,Partly Cloudy
338,343,6/13/2017,86.4,Humid and Mostly Cloudy
339,344,6/14/2017,82.12,Mostly Cloudy
340,345,6/15/2017,82.89,Clear
341,346,6/16/2017,80.14,Overcast
342,347,6/17/2017,82.86,Clear
343,349,6/18/2017,85.25,Clear
344,350,6/19/2017,69.5,Overcast
345,351,6/20/2017,74.93,Clear
346,352,6/21/2017,78.63,Partly Cloudy
347,353,6/22/2017,81.05,Mostly Cloudy
348,354,6/23/2017,74.21,Light Rain
349,355,6/24/2017,76.36,Clear
350,358,6/25/2017,73.42,Partly Cloudy
351,356,6/26/2017,71.32,Mostly Cloudy
352,357,6/27/2017,66.46,Mostly Cloudy
353,359,6/28/2017,73.21,Clear
354,360,6/29/2017,80.1,Clear
355,362,6/30/2017,81.69,Mostly Cloudy
356,363,7/1/2017,76.71,Overcast
357,361,7/2/2017,81.42,Clear
358,365,7/3/2017,82.05,Clear
359,364,7/4/2017,81.53,Mostly Cloudy
360,366,7/5/2017,84.03,Clear
361,367,7/6/2017,78.53,Mostly Cloudy
362,371,7/7/2017,76.65,Drizzle
363,368,7/8/2017,73.26,Overcast
364,375,7/9/2017,75.52,Clear
365,369,7/10/2017,77.41,Clear
366,377,7/11/2017,80.74,Partly Cloudy
367,373,7/12/2017,79.51,Partly Cloudy
368,372,7/13/2017,76.43,Light Rain
369,376,7/14/2017,79.26,Humid and Mostly Cloudy
370,380,7/15/2017,76.22,Mostly Cloudy
371,374,7/16/2017,78.68,Mostly Cloudy
372,379,7/17/2017,82.23,Mostly Cloudy
373,378,7/18/2017,83.73,Partly Cloudy
374,381,7/19/2017,86.75,Partly Cloudy
375,382,7/20/2017,85.24,Partly Cloudy
376,384,7/21/2017,84.32,Humid and Mostly Cloudy
377,383,7/22/2017,72.66,Rain
378,385,7/23/2017,76.45,Drizzle
379,387,7/24/2017,76.21,Mostly Cloudy
380,386,7/25/2017,68.04,Overcast
381,388,7/26/2017,77.84,Clear
382,389,7/27/2017,80.45,Clear
383,391,7/28/2017,76.2,Overcast
384,390,7/29/2017,61.52,Drizzle
385,392,7/30/2017,77.07,Clear
386,393,7/31/2017,80.42,Clear
387,394,8/1/2017,81.59,Clear
388,395,8/2/2017,82.44,Partly Cloudy
389,396,8/3/2017,81.07,Clear
390,399,8/4/2017,83.16,Clear
391,398,8/5/2017,67.08,Mostly Cloudy
392,397,8/6/2017,68.59,Clear
393,401,8/7/2017,66.61,Overcast
394,400,8/8/2017,72.13,Clear
395,403,8/9/2017,76.35,Clear
396,402,8/10/2017,75.98,Partly Cloudy
397,404,8/11/2017,77.19,Overcast
398,405,8/12/2017,75.38,Overcast
399,406,8/13/2017,73.8,Mostly Cloudy
400,409,8/14/2017,72.09,Clear
401,407,8/15/2017,80.35,Mostly Cloudy
402,408,8/16/2017,81.01,Clear
403,410,8/17/2017,85.03,Clear
404,411,8/18/2017,76.37,Drizzle
405,412,8/19/2017,78.47,Clear
406,414,8/20/2017,78.46,Clear
407,413,8/21/2017,83.56,Humid
408,415,8/22/2017,84.72,Humid
409,416,8/23/2017,73.41,Mostly Cloudy
410,417,8/24/2017,73.67,Mostly Cloudy
411,418,8/25/2017,68.87,Mostly Cloudy
412,419,8/26/2017,70.76,Clear
413,420,8/27/2017,75.18,Mostly Cloudy
414,421,8/28/2017,72.23,Mostly Cloudy
415,423,8/29/2017,70.6,Clear
416,424,8/30/2017,73.27,Mostly Cloudy
417,425,8/31/2017,76.06,Mostly Cloudy
418,426,9/1/2017,59.59,Clear
419,431,9/2/2017,66.5,Mostly Cloudy
420,428,9/3/2017,65.38,Overcast
421,427,9/4/2017,76.42,Clear
422,430,9/5/2017,68.28,Light Rain
423,429,9/6/2017,64.79,Mostly Cloudy
424,432,9/7/2017,61.48,Mostly Cloudy
425,433,9/8/2017,65.33,Mostly Cloudy
426,434,9/9/2017,63.76,Mostly Cloudy
427,438,9/10/2017,63.92,Clear
428,436,9/11/2017,68.07,Clear
429,435,9/12/2017,68.37,Clear
430,437,9/13/2017,77.02,Mostly Cloudy
431,439,9/14/2017,66.56,Mostly Cloudy
432,440,9/15/2017,69.29,Overcast
433,442,9/16/2017,76.34,Clear
434,441,9/17/2017,77.85,Mostly Cloudy
435,445,9/18/2017,79.35,Clear
436,444,9/19/2017,77.47,Clear
437,446,9/20/2017,79.65,Clear
438,447,9/21/2017,79.95,Clear
439,443,9/22/2017,79.27,Clear
440,448,9/23/2017,79.59,Clear
441,450,9/24/2017,82.88,Clear
442,449,9/25/2017,82.9,Clear
443,451,9/26/2017,83.82,Clear
444,452,9/27/2017,83.79,Clear
445,453,9/28/2017,66.37,Mostly Cloudy
446,454,9/29/2017,65.74,Clear
447,455,9/30/2017,57.68,Overcast
448,457,10/1/2017,60.89,Clear
449,456,10/2/2017,67.81,Clear
450,458,10/3/2017,72.54,Clear
451,460,10/4/2017,74.49,Clear
452,459,10/5/2017,68.99,Mostly Cloudy
453,461,10/6/2017,70.1,Overcast
454,462,10/7/2017,76.09,Clear
455,463,10/8/2017,71.68,Mostly Cloudy
456,464,10/9/2017,74.31,Overcast
457,466,10/10/2017,74.7,Partly Cloudy
458,465,10/11/2017,72.08,Overcast
459,467,10/12/2017,65.13,Overcast
460,468,10/13/2017,70.39,Mostly Cloudy
461,469,10/14/2017,72.78,Clear
462,470,10/15/2017,77.25,Mostly Cloudy
463,473,10/16/2017,54.48,Overcast
464,472,10/17/2017,56.92,Clear
465,471,10/18/2017,64.15,Clear
466,474,10/19/2017,65.73,Clear
467,476,10/20/2017,66.67,Clear
468,475,10/21/2017,72.51,Clear
469,477,10/22/2017,72.72,Clear
470,478,10/23/2017,67.41,Mostly Cloudy
471,479,10/24/2017,58.27,Overcast
472,480,10/25/2017,45.43,Overcast
473,481,10/26/2017,47.89,Mostly Cloudy
474,484,10/27/2017,64.79,Clear
475,482,10/28/2017,58.74,Drizzle
476,483,10/29/2017,39.68,Drizzle
477,485,10/30/2017,44.94,Overcast
478,486,10/31/2017,44.64,Overcast
479,487,11/1/2017,43.72,Drizzle
480,488,11/2/2017,57.82,Drizzle
481,491,11/3/2017,60.48,Overcast
482,489,11/4/2017,57.18,Clear
483,492,11/5/2017,65.03,Light Rain
484,490,11/6/2017,53.47,Drizzle
485,494,11/7/2017,39.38,Light Rain
486,493,11/8/2017,45.31,Partly Cloudy
487,498,11/9/2017,49.82,Partly Cloudy
488,496,11/10/2017,32.09,Overcast
489,495,11/11/2017,36.05,Clear
490,497,11/12/2017,48.35,Clear
491,500,11/13/2017,41.87,Overcast
492,499,11/14/2017,44.01,Overcast
493,502,11/15/2017,47.64,Clear
494,501,11/16/2017,42.6,Overcast
495,503,11/17/2017,42.52,Partly Cloudy
496,504,11/18/2017,46.58,Light Rain
497,505,11/19/2017,39.04,Overcast
498,507,11/20/2017,38.62,Clear
499,506,11/21/2017,54.26,Clear
500,508,11/22/2017,36.44,Overcast
501,510,11/23/2017,37.95,Clear
502,509,11/24/2017,49.66,Clear
503,512,11/25/2017,56.62,Partly Cloudy
504,511,11/26/2017,42.62,Clear
505,513,11/27/2017,48.98,Clear
506,514,11/28/2017,62.16,Clear
507,515,11/29/2017,56.91,Clear
508,516,11/30/2017,61.09,Clear
509,517,12/1/2017,44.83,Mostly Cloudy
510,518,12/2/2017,40.72,Clear
511,521,12/3/2017,49.32,Clear
512,520,12/4/2017,54.58,Clear
513,519,12/5/2017,50.43,Light Rain
514,522,12/6/2017,40.01,Clear
515,525,12/7/2017,38.39,Overcast
516,524,12/8/2017,26.79,Partly Cloudy
517,526,12/9/2017,34.16,Clear
518,527,12/10/2017,31.16,Overcast
519,528,12/11/2017,37.45,Clear
520,530,12/12/2017,30.67,Overcast
521,529,12/13/2017,23.75,Overcast
522,531,12/14/2017,27.27,Overcast
523,532,12/15/2017,26.82,Overcast
524,534,12/16/2017,37.15,Overcast
525,533,12/17/2017,41.34,Clear
526,536,12/18/2017,42.73,Overcast
527,535,12/19/2017,49.98,Mostly Cloudy
528,537,12/20/2017,41.23,Clear
529,538,12/21/2017,40.17,Clear
530,539,12/22/2017,54.8,Overcast
531,540,12/23/2017,47.47,Light Rain
532,541,12/24/2017,36.45,Mostly Cloudy
533,542,12/25/2017,23.4,Overcast
534,543,12/26/2017,21.85,Overcast
535,544,12/27/2017,16.15,Clear
536,545,12/28/2017,14.93,Clear
537,546,12/29/2017,18.9,Overcast
538,547,12/30/2017,19.63,Overcast
539,548,12/31/2017,11.07,Foggy
540,550,1/1/2018,12.8,Partly Cloudy
541,549,1/2/2018,11.18,Mostly Cloudy
542,551,1/3/2018,21.38,Clear
543,552,1/4/2018,16.09,Overcast
544,553,1/5/2018,7.27,Mostly Cloudy
545,554,1/6/2018,10.92,Clear
546,555,1/7/2018,17.37,Clear
547,556,1/8/2018,34.86,Light Snow
548,557,1/9/2018,37.11,Overcast
549,558,1/10/2018,43.83,Overcast
550,560,1/11/2018,60.45,Mostly Cloudy
551,559,1/12/2018,61.64,Mostly Cloudy
552,564,1/13/2018,18.4,Mostly Cloudy
553,561,1/14/2018,16.83,Partly Cloudy
554,562,1/15/2018,23.51,Overcast
555,563,1/16/2018,30.32,Overcast
556,565,1/17/2018,12.99,Overcast
557,566,1/18/2018,22.79,Clear
558,568,1/19/2018,34.69,Clear
559,567,1/20/2018,46.6,Clear
560,569,1/21/2018,47.73,Overcast
561,570,1/22/2018,61.23,Mostly Cloudy
562,572,1/23/2018,45.83,Overcast
563,571,1/24/2018,30.57,Overcast
564,573,1/25/2018,28.92,Overcast
565,574,1/26/2018,49.68,Clear
566,575,1/27/2018,53.86,Overcast
567,576,1/28/2018,45.65,Clear
568,577,1/29/2018,38.55,Mostly Cloudy
569,578,1/30/2018,20.83,Overcast
570,579,1/31/2018,31.08,Clear
571,580,2/1/2018,46.62,Overcast
572,581,2/2/2018,16.31,Overcast
573,582,2/3/2018,24.26,Overcast
574,583,2/4/2018,34.8,Snow
575,584,2/5/2018,21.46,Overcast
576,585,2/6/2018,29.09,Overcast
577,586,2/7/2018,32.98,Light Rain
578,588,2/8/2018,24.92,Overcast
579,589,2/9/2018,33.62,Mostly Cloudy
580,587,2/10/2018,50.09,Overcast
581,590,2/11/2018,51.71,Drizzle
582,591,2/12/2018,33.77,Flurries
583,592,2/13/2018,37.81,Clear
584,593,2/14/2018,51.03,Overcast
585,594,2/15/2018,61.72,Overcast
586,595,2/16/2018,43.51,Light Rain
587,596,2/17/2018,36.24,Partly Cloudy
588,597,2/18/2018,38.02,Drizzle
589,598,2/19/2018,55.71,Light Rain
590,599,2/20/2018,75.16,Clear
591,600,2/21/2018,71.71,Overcast
592,602,2/22/2018,40.01,Rain
593,601,2/23/2018,56.4,Light Rain
594,603,2/24/2018,48.96,Light Rain
595,604,2/25/2018,57.38,Drizzle
596,605,2/26/2018,47.19,Clear
597,607,2/27/2018,53.83,Clear
598,608,2/28/2018,62.68,Clear
599,610,3/1/2018,50.61,Light Rain
600,609,3/2/2018,38.05,Overcast
601,611,3/3/2018,38.99,Clear
602,613,3/4/2018,39.75,Clear
603,612,3/5/2018,36.81,Clear
604,614,3/6/2018,42.94,Overcast
605,617,3/7/2018,38.93,Overcast
606,615,3/8/2018,31.85,Overcast
607,616,3/9/2018,30.07,Overcast
608,618,3/10/2018,37.67,Partly Cloudy
609,619,3/11/2018,35.84,Clear
610,622,3/12/2018,34.02,Overcast
611,621,3/13/2018,32.5,Overcast
612,620,3/14/2018,28.47,Overcast
613,625,3/15/2018,40.36,Mostly Cloudy
614,623,3/16/2018,30.42,Mostly Cloudy
615,624,3/17/2018,32.12,Overcast
616,630,3/18/2018,42.53,Clear
617,627,3/19/2018,50.05,Clear
618,628,3/20/2018,34.7,Light Rain
619,629,3/21/2018,32.18,Flurries
620,626,3/22/2018,35.17,Clear
621,631,3/23/2018,38.38,Mostly Cloudy
622,632,3/24/2018,37.72,Clear
623,635,3/25/2018,34.29,Clear
624,634,3/26/2018,47.28,Clear
625,633,3/27/2018,40.3,Rain
626,636,3/28/2018,55.04,Light Rain
627,639,3/29/2018,61.28,Light Rain
628,638,3/30/2018,39.35,Light Rain
629,637,3/31/2018,48.06,Clear
630,642,4/1/2018,41.41,Mostly Cloudy
631,641,4/2/2018,38.44,Light Rain
632,640,4/3/2018,51.34,Rain
633,643,4/4/2018,40.8,Overcast
634,644,4/5/2018,37.43,Mostly Cloudy
635,646,4/6/2018,51.44,Overcast
636,647,4/7/2018,33.39,Light Snow
637,649,4/8/2018,36.34,Overcast
638,648,4/9/2018,35.56,Overcast
639,650,4/10/2018,41.59,Clear
640,651,4/11/2018,48.18,Partly Cloudy
641,652,4/12/2018,65.51,Partly Cloudy
642,653,4/13/2018,77.12,Clear
643,654,4/14/2018,79.04,Clear
644,656,4/15/2018,73.99,Clear
645,657,4/16/2018,40.43,Drizzle
646,655,4/17/2018,34.28,Overcast
647,658,4/18/2018,44.47,Clear
648,661,4/19/2018,37.35,Overcast
649,659,4/20/2018,46.88,Clear
650,660,4/21/2018,52.09,Clear
651,662,4/22/2018,62.95,Clear
652,663,4/23/2018,68.84,Clear
653,665,4/24/2018,52.86,Light Rain
654,664,4/25/2018,59.15,Overcast
655,668,4/26/2018,53.04,Clear
656,666,4/27/2018,62.83,Mostly Cloudy
657,667,4/28/2018,59.12,Mostly Cloudy
658,673,4/29/2018,40.08,Overcast
659,670,4/30/2018,60.49,Clear
660,672,5/1/2018,72.43,Clear
661,671,5/2/2018,79.56,Clear
662,675,5/3/2018,81.11,Mostly Cloudy
663,679,5/4/2018,74.76,Overcast
664,677,5/5/2018,68.85,Clear
665,678,5/6/2018,57.96,Overcast
666,674,5/7/2018,67.36,Overcast
667,676,5/8/2018,73.68,Clear
668,680,5/9/2018,78.04,Clear
669,682,5/10/2018,74.07,Overcast
670,681,5/11/2018,64.77,Mostly Cloudy
671,684,5/12/2018,82.06,Clear
672,683,5/13/2018,67.82,Mostly Cloudy
673,685,5/14/2018,79.44,Mostly Cloudy
674,687,5/15/2018,83.96,Clear
675,686,5/16/2018,73.99,Overcast
676,692,5/17/2018,71.29,Overcast
677,694,5/18/2018,72.52,Overcast
678,693,5/19/2018,74.91,Mostly Cloudy
679,691,5/20/2018,74.49,Mostly Cloudy
680,689,5/21/2018,76.54,Clear
681,690,5/22/2018,70.6,Drizzle
682,695,5/23/2018,65.69,Mostly Cloudy
683,696,5/24/2018,77.36,Clear
684,697,5/25/2018,80.25,Clear
685,701,5/26/2018,83.57,Clear
686,699,5/27/2018,76.65,Overcast
687,700,5/28/2018,83.36,Clear
688,698,5/29/2018,83.52,Clear
689,702,5/30/2018,82.43,Mostly Cloudy
690,708,5/31/2018,74.94,Overcast
691,704,6/1/2018,73.92,Overcast
692,707,6/2/2018,71.46,Overcast
693,705,6/3/2018,76.58,Mostly Cloudy
694,706,6/4/2018,67.52,Overcast
695,703,6/5/2018,67.37,Overcast
696,709,6/6/2018,57.6,Overcast
697,710,6/7/2018,67.7,Clear
698,712,6/8/2018,74.58,Mostly Cloudy
699,711,6/9/2018,81.17,Clear
700,715,6/10/2018,75.03,Overcast
701,716,6/11/2018,65.66,Mostly Cloudy
702,714,6/12/2018,76.78,Partly Cloudy
703,717,6/13/2018,73.57,Overcast
704,718,6/14/2018,76.84,Clear
705,723,6/15/2018,77.36,Clear
706,719,6/16/2018,81.21,Clear
707,724,6/17/2018,81.51,Mostly Cloudy
708,720,6/18/2018,86.83,Humid
709,722,6/19/2018,83.18,Humid and Mostly Cloudy
710,721,6/20/2018,81.31,Mostly Cloudy
711,726,6/21/2018,71.56,Overcast
712,727,6/22/2018,,
713,728,6/23/2018,73.99,Light Rain
714,730,6/24/2018,77.97,Mostly Cloudy
715,725,6/25/2018,74.58,Mostly Cloudy
716,729,6/26/2018,76.19,Mostly Cloudy
717,731,6/27/2018,72.21,Overcast
718,732,6/28/2018,,
719,734,6/29/2018,83.3,Clear
720,733,6/30/2018,86.39,Clear
721,738,7/1/2018,88.06,Clear
722,735,7/2/2018,86.42,Humid
723,736,7/3/2018,85.75,Clear
724,737,7/4/2018,90.99,Humid
725,739,7/5/2018,83.43,Mostly Cloudy
726,740,7/6/2018,74.48,Overcast
727,742,7/7/2018,74.03,Clear
728,743,7/8/2018,77.44,Clear
729,746,7/9/2018,81.49,Clear
730,744,7/10/2018,84.52,Clear
731,745,7/11/2018,78.35,Clear
732,748,7/12/2018,80.05,Clear
733,747,7/13/2018,83.56,Clear
734,750,7/14/2018,85.74,Clear
735,749,7/15/2018,82.49,Partly Cloudy
736,752,7/16/2018,85.74,Clear
737,751,7/17/2018,80.06,Humid and Mostly Cloudy
738,755,7/18/2018,74.41,Mostly Cloudy
739,753,7/19/2018,79.76,Clear
740,754,7/20/2018,84.22,Clear
741,760,7/21/2018,75.98,Overcast
742,757,7/22/2018,74.45,Overcast
743,759,7/23/2018,79.06,Mostly Cloudy
744,756,7/24/2018,,
745,758,7/25/2018,76.88,Mostly Cloudy
746,761,7/26/2018,78.71,Partly Cloudy
747,764,7/27/2018,74.93,Mostly Cloudy
748,766,7/28/2018,75.48,Mostly Cloudy
749,765,7/29/2018,77.72,Partly Cloudy
750,762,7/30/2018,70.82,Light Rain
751,763,7/31/2018,80.51,Clear
752,767,8/1/2018,74.99,Overcast
753,768,8/2/2018,74.81,Mostly Cloudy
754,770,8/3/2018,75.86,Overcast
755,769,8/4/2018,81.76,Partly Cloudy
756,772,8/5/2018,82.99,Partly Cloudy
757,771,8/6/2018,86.21,Partly Cloudy
758,773,8/7/2018,81.23,Mostly Cloudy
759,774,8/8/2018,75.36,Overcast
760,775,8/9/2018,78.32,Mostly Cloudy
761,777,8/10/2018,81.06,Overcast
762,776,8/11/2018,76.15,Mostly Cloudy
763,779,8/12/2018,76.34,Clear
764,778,8/13/2018,80.79,Clear
765,780,8/14/2018,73.75,Overcast
766,781,8/15/2018,80.26,Clear
767,788,8/16/2018,82.83,Clear
768,785,8/17/2018,77.48,Overcast
769,783,8/18/2018,77.58,Mostly Cloudy
770,782,8/19/2018,73.65,Clear
771,784,8/20/2018,79.85,Mostly Cloudy
772,786,8/21/2018,79.4,Mostly Cloudy
773,787,8/22/2018,72.78,Mostly Cloudy
774,789,8/23/2018,72.49,Clear
775,791,8/24/2018,76.09,Clear
776,790,8/25/2018,73.41,Clear
777,792,8/26/2018,75.14,Overcast
778,793,8/27/2018,84.96,Humid and Mostly Cloudy
779,794,8/28/2018,85.96,Clear
780,796,8/29/2018,86.7,Clear
781,795,8/30/2018,78.4,Overcast
782,797,8/31/2018,81.18,Mostly Cloudy
783,804,9/1/2018,81.32,Overcast
784,802,9/2/2018,84.07,Partly Cloudy
785,805,9/3/2018,86.9,Clear
786,798,9/4/2018,89.53,Clear
787,800,9/5/2018,88.87,Clear
788,803,9/6/2018,85.51,Mostly Cloudy
789,801,9/7/2018,78.71,Mostly Cloudy
790,799,9/8/2018,65.32,Overcast
791,809,9/9/2018,59.06,Rain
792,806,9/10/2018,65.05,Rain
793,807,9/11/2018,67.19,Overcast
794,808,9/12/2018,70.61,Drizzle
795,811,9/13/2018,81.95,Mostly Cloudy
796,810,9/14/2018,82.73,Mostly Cloudy
797,813,9/15/2018,80.06,Mostly Cloudy
798,814,9/16/2018,79.81,Clear
799,812,9/17/2018,71.63,Light Rain
800,815,9/18/2018,74.61,Overcast
801,816,9/19/2018,76.24,Partly Cloudy
802,821,9/20/2018,82.41,Clear
803,817,9/21/2018,84.39,Clear
804,819,9/22/2018,66.76,Partly Cloudy
805,822,9/23/2018,63.55,Clear
806,818,9/24/2018,67.65,Mostly Cloudy
807,820,9/25/2018,72.27,Clear
808,823,9/26/2018,74.88,Mostly Cloudy
809,824,9/27/2018,63.72,Partly Cloudy
810,825,9/28/2018,64.69,Mostly Cloudy
811,829,9/29/2018,64.14,Mostly Cloudy
812,828,9/30/2018,71.51,Clear
813,826,10/1/2018,76.82,Clear
814,827,10/2/2018,74.64,Overcast
815,832,10/3/2018,71.9,Overcast
816,833,10/4/2018,76.61,Overcast
817,830,10/5/2018,64.65,Overcast
818,831,10/6/2018,81.5,Partly Cloudy
819,835,10/7/2018,80.99,Clear
820,834,10/8/2018,83.21,Clear
821,838,10/9/2018,81.02,Clear
822,836,10/10/2018,80.31,Clear
823,837,10/11/2018,71.12,Light Rain
824,839,10/12/2018,50.46,Overcast
825,840,10/13/2018,44.98,Overcast
826,843,10/14/2018,50.31,Overcast
827,841,10/15/2018,65.56,Overcast
828,842,10/16/2018,48.09,Clear
829,844,10/17/2018,52.89,Partly Cloudy
830,845,10/18/2018,46.41,Clear
831,847,10/19/2018,53.75,Clear
832,846,10/20/2018,52.3,Overcast
833,850,10/21/2018,40.05,Overcast
834,848,10/22/2018,51.06,Clear
835,849,10/23/2018,57.21,Clear
836,851,10/24/2018,46.07,Overcast
837,852,10/25/2018,46.16,Clear
838,853,10/26/2018,49.55,Mostly Cloudy
839,854,10/27/2018,48.16,Drizzle
840,857,10/28/2018,46.74,Overcast
841,856,10/29/2018,45.88,Overcast
842,855,10/30/2018,53,Clear
843,858,10/31/2018,67.47,Partly Cloudy
844,859,11/1/2018,67.98,Overcast
845,863,11/2/2018,52.94,Overcast
846,862,11/3/2018,44.48,Clear
847,864,11/4/2018,56.54,Clear
848,860,11/5/2018,62.39,Overcast
849,861,11/6/2018,61.81,Overcast
850,865,11/7/2018,52.99,Clear
851,866,11/8/2018,44.69,Clear
852,867,11/9/2018,44.98,Rain
853,868,11/10/2018,32.43,Mostly Cloudy
854,869,11/11/2018,39.2,Clear
855,870,11/12/2018,44.58,Clear
856,872,11/13/2018,38.4,Overcast
857,871,11/14/2018,33.81,Clear
858,874,11/15/2018,35.48,Light Rain
859,873,11/16/2018,31.66,Overcast
860,876,11/17/2018,40.64,Overcast
861,880,11/18/2018,49.94,Clear
862,875,11/19/2018,44.7,Overcast
863,878,11/20/2018,36.66,Overcast
864,877,11/21/2018,35.49,Overcast
865,879,11/22/2018,27.33,Overcast
866,882,11/23/2018,43.69,Clear
867,881,11/24/2018,46.89,Light Rain
868,884,11/25/2018,52.51,Mostly Cloudy
869,883,11/26/2018,45.85,Light Rain
870,885,11/27/2018,29.69,Overcast
871,886,11/28/2018,26.27,Overcast
872,888,11/29/2018,32.3,Mostly Cloudy
873,889,11/30/2018,40.63,Drizzle
874,890,12/1/2018,43.85,Drizzle
875,887,12/2/2018,64.12,Clear
876,891,12/3/2018,44.33,Overcast
877,895,12/4/2018,35.39,Overcast
878,896,12/5/2018,32.04,Overcast
879,894,12/6/2018,35.66,Mostly Cloudy
880,897,12/7/2018,31.82,Mostly Cloudy
881,893,12/8/2018,28.91,Overcast
882,892,12/9/2018,32.61,Clear
883,900,12/10/2018,25.58,Overcast
884,899,12/11/2018,32.52,Clear
885,901,12/12/2018,39.23,Clear
886,902,12/13/2018,47.64,Mostly Cloudy
887,903,12/14/2018,51.76,Overcast
888,905,12/15/2018,50.2,Light Rain
889,908,12/16/2018,42.11,Drizzle
890,907,12/17/2018,43.3,Mostly Cloudy
891,906,12/18/2018,35.71,Mostly Cloudy
892,904,12/19/2018,41.69,Clear
893,910,12/20/2018,49.77,Clear
894,911,12/21/2018,44.9,Light Rain
895,912,12/22/2018,35.15,Overcast
896,909,12/23/2018,43.21,Clear
897,914,12/24/2018,36.55,Overcast
898,917,12/25/2018,34.95,Mostly Cloudy
899,913,12/26/2018,44.11,Clear
900,919,12/27/2018,48.06,Clear
901,920,12/28/2018,60.86,Overcast
902,923,12/29/2018,35.21,Overcast
903,921,12/30/2018,39.11,Overcast
904,925,12/31/2018,42.64,Light Rain
905,922,1/1/2019,,
